df_test$team_1,df_test$team_2,win_prob,draw_prob,lose_prob
Uruguay,France,0.33597204298762046,0.28941166200455465,0.37461630494193143
Brazil,Belgium,0.4893915384977325,0.2616705139017055,0.24893794263350963
Sweden,England,0.2594726300730688,0.26874185210114987,0.4717855376939966
Russia,Croatia,0.14485949666321976,0.2147699147443861,0.6403705836253407
