df_test$team_1,df_test$team_2,win_prob,draw_prob,lose_prob
France,Argentina,0.432127734,0.251595378,0.316276879
Uruguay,Portugal,0.35235335,0.282302319,0.365344331
Russia,Spain,0.117751625,0.229006118,0.653242247
Croatia,Denmark,0.401515518,0.297911448,0.300573015
Brazil,Mexico,0.560598943,0.266467594,0.172933462
Belgium,Japan,0.515899034,0.297986441,0.186114527
Sweden,Switzerland,0.315540815,0.255700813,0.428758367
Colombia,England,0.219611843,0.289241867,0.49114629
